{"cameraMode":{"drawMode":0,"name":"Shaded","section":"Shading Mode"},"sceneLighting":false,"audioPlay":false,"sceneViewState":{"m_AlwaysRefresh":false,"showFog":true,"showSkybox":false,"showFlares":true,"showImageEffects":true,"showParticleSystems":true,"showVisualEffectGraphs":true,"m_FxEnabled":true},"in2DMode":false,"pivot":{"x":0.6296851634979248,"y":0.49069803953170779,"z":1.3219952583312989},"rotation":{"x":-0.06230846792459488,"y":-0.912348747253418,"z":0.3753664791584015,"w":-0.15158702433109284},"size":0.4571821391582489,"orthographic":false}