{"cameraMode":{"drawMode":0,"name":"Shaded","section":"Shading Mode"},"sceneLighting":false,"audioPlay":false,"sceneViewState":{"m_AlwaysRefresh":false,"showFog":true,"showSkybox":false,"showFlares":true,"showImageEffects":true,"showParticleSystems":true,"showVisualEffectGraphs":true,"m_FxEnabled":true},"in2DMode":false,"pivot":{"x":1.3396682739257813,"y":1.3995349407196046,"z":-0.9398777484893799},"rotation":{"x":-0.0026470792945474388,"y":0.9927589893341065,"z":-0.12151823937892914,"w":-0.007491514552384615},"size":1.8190248012542725,"orthographic":false}