{"cameraMode":{"drawMode":0,"name":"Shaded","section":"Shading Mode"},"sceneLighting":true,"audioPlay":false,"sceneViewState":{"m_AlwaysRefresh":false,"showFog":true,"showSkybox":true,"showFlares":true,"showImageEffects":true,"showParticleSystems":true,"showVisualEffectGraphs":true,"m_FxEnabled":true},"in2DMode":false,"pivot":{"x":-2.255500078201294,"y":0.3190000057220459,"z":-9.63539981842041},"rotation":{"x":-0.010053430683910847,"y":0.7869026064872742,"z":-0.6168071627616882,"w":-0.012702416628599167},"size":0.25132691860198977,"orthographic":false}