{"cameraMode":{"drawMode":0,"name":"Shaded","section":"Shading Mode"},"sceneLighting":true,"audioPlay":false,"sceneViewState":{"m_AlwaysRefresh":false,"showFog":true,"showSkybox":true,"showFlares":true,"showImageEffects":true,"showParticleSystems":true,"showVisualEffectGraphs":true,"m_FxEnabled":true},"in2DMode":false,"pivot":{"x":-3.7242276668548586,"y":3.662170648574829,"z":3.383016586303711},"rotation":{"x":0.017074398696422578,"y":-0.9804939031600952,"z":-0.16900572180747987,"w":-0.09913717210292816},"size":1.8127233982086182,"orthographic":false}