{"cameraMode":{"drawMode":0,"name":"Shaded","section":"Shading Mode"},"sceneLighting":false,"audioPlay":false,"sceneViewState":{"m_AlwaysRefresh":false,"showFog":true,"showSkybox":false,"showFlares":true,"showImageEffects":true,"showParticleSystems":true,"showVisualEffectGraphs":true,"m_FxEnabled":true},"in2DMode":false,"pivot":{"x":0.00031460076570510864,"y":-0.0014251768589019776,"z":-2.2351741790771486e-8},"rotation":{"x":0.05182459577918053,"y":0.9286358952522278,"z":-0.3387795686721802,"w":0.1420605480670929},"size":0.12898622453212739,"orthographic":false}