{"cameraMode":{"drawMode":0,"name":"Shaded","section":"Shading Mode"},"sceneLighting":false,"audioPlay":false,"sceneViewState":{"m_AlwaysRefresh":false,"showFog":true,"showSkybox":false,"showFlares":true,"showImageEffects":true,"showParticleSystems":true,"showVisualEffectGraphs":true,"m_FxEnabled":true},"in2DMode":false,"pivot":{"x":-2.9802322387695315e-8,"y":0.9200422763824463,"z":0.016129545867443086},"rotation":{"x":0.10568147897720337,"y":0.5433765649795532,"z":-0.07133515179157257,"w":0.8300001621246338},"size":1.1981170177459717,"orthographic":false}